model,beam_size,average_time
base-int8,1,0.670540312333325
base-int8,2,0.6433029279999877
base-int8,3,0.6365046009999938
base-int8,4,0.6618797728333069
base-int8,5,0.6432592506666689
base-int8,6,0.6451253846666797
base-int8,7,0.6661967990000145
base-int8,8,0.648553017666643
base-int8,9,0.646732515666694
base-int8,10,0.7552813421666542
