model,beam_size,average_time
tiny-int8,2,2.2066359966666624
tiny-int8,5,2.078299308833323
tiny,2,2.508184506499987
tiny,5,2.643614487999978
tiny.en,2,1.4192278408333532
tiny.en,5,1.672263235833346
base-int8,2,4.016866213833339
base-int8,5,4.255607858666669
base,2,5.498789229500005
base,5,5.6964915013333455
base.en,2,2.9559570960000108
base.en,5,3.1990964251666676
distil-small.en,2,8.770077490166651
distil-small.en,5,9.116745567833334
small.en,2,9.597956892499989
small.en,5,10.189767938666668
